"","id_trt","id_cont"
"1",900332,933848
"2",900606,927699
"3",900724,930854
"4",900782,933617
"5",900804,933878
"6",900843,933611
"7",900848,916771
"8",900854,918077
"9",901022,933598
"10",901121,922505
"11",901123,932558
"12",901501,927939
"13",901816,931588
"14",902519,926200
"15",902782,933941
"16",902792,933944
"17",902973,933847
"18",903009,933648
"19",903030,927781
"20",903065,909423
"21",903096,914610
"22",903130,933408
"23",903390,920870
"24",903786,931168
"25",904075,932915
"26",904104,932894
"27",904321,933833
"28",904331,917246
"29",904348,933811
"30",904672,932990
"31",904826,933810
"32",904922,924623
"33",905064,931665
"34",905599,909944
"35",905745,933404
"36",905845,925843
"37",906286,926661
"38",906368,933536
"39",906398,929280
"40",906495,901961
"41",906969,922595
"42",908001,932737
"43",908321,933503
"44",908456,932357
"45",908835,925186
"46",909458,921648
"47",909493,903614
"48",909989,925745
"49",910028,920926
"50",910066,914779
"51",910151,932873
"52",910166,928765
"53",910424,933565
"54",910533,933513
"55",910616,932613
"56",910863,933706
"57",911237,933325
"58",911261,931722
"59",911266,931275
"60",911698,915861
"61",911952,933398
"62",912193,933671
"63",912843,933919
"64",912970,908587
"65",913077,933653
"66",913359,933272
"67",913496,933257
"68",913681,911107
"69",913790,933148
"70",913829,933202
"71",913844,932612
"72",913914,928404
"73",914225,900842
"74",914538,933193
"75",914635,903775
"76",914826,928977
"77",914849,932617
"78",915068,931890
"79",915607,922261
"80",915837,933467
"81",915911,933161
"82",916011,933623
"83",916114,924915
"84",916180,933462
"85",916198,930048
"86",916346,933171
"87",916622,933138
"88",916670,916945
"89",916756,911546
"90",917003,933593
"91",917114,917885
"92",917781,933080
"93",917853,933578
"94",917875,926377
"95",917903,933079
"96",918091,933103
"97",918253,933573
"98",918339,933015
"99",918487,933786
"100",918550,922032
"101",918618,926303
"102",918719,905210
"103",918882,933012
"104",918969,933766
"105",919090,917937
"106",919319,904702
"107",919715,933400
"108",920114,933373
"109",920119,926795
"110",920274,932978
"111",920511,922616
"112",920527,922331
"113",920527,932971
"114",920685,933508
"115",920736,932953
"116",921281,933726
"117",921287,933780
"118",921355,933511
"119",921387,933104
"120",921798,921633
"121",921850,929502
"122",922059,930622
"123",922423,924080
"124",922449,917574
"125",922662,933364
"126",922792,933479
"127",923140,933255
"128",923304,909702
"129",923342,932952
"130",923571,902278
"131",923640,911736
"132",923755,933155
"133",923803,927686
"134",923874,907524
"135",923901,932936
"136",923974,915981
"137",924070,920470
"138",924077,931409
"139",924386,929656
"140",924395,902281
"141",924456,918309
"142",924526,932873
"143",924546,928526
"144",924589,918373
"145",925041,932818
"146",925153,918062
"147",925220,929596
"148",925253,928417
"149",925396,932995
"150",925741,904629
"151",926328,925577
"152",926422,931697
"153",926753,923897
"154",926884,933310
"155",927009,932758
"156",927403,929466
"157",927467,923432
"158",927567,929179
"159",928101,932874
"160",928184,913598
"161",928715,925970
"162",928719,932623
"163",928817,933390
"164",929168,933387
"165",929174,932747
"166",929180,931643
"167",929673,914982
"168",930368,932737
"169",930497,933130
"170",930711,933366
"171",930725,932671
"172",930764,932720
"173",930921,933079
"174",931019,933362
"175",931021,933281
"176",931077,918578
"177",931299,909679
"178",931368,933679
"179",931390,925719
"180",931492,932685
"181",931619,909181
"182",932166,921334
"183",932240,901285
"184",932316,932705
"185",932322,932780
"186",932857,932647
"187",933172,932646
"188",933220,933318
"189",933413,933940
"190",933783,933312
